id,kind,out_file,width,height,seed,prompt,negative
kael_sheet,sheet,assets/refs/kael_sheet.png,1024,1536,77012233,"Korean webtoon manhwa illustration, clean confident ink line art, soft cel shading over painterly backgrounds, cinematic anamorphic framing, heavy atmosphere, rain and neon, dramatic rim lighting, rich saturated accents on a desaturated base, full colour, highly detailed, single vertical panel composition, 1man, 40s, tall and heavy-shouldered, weathered face, grey stubble, deep vertical scar on the right jaw, dark long coat over a rumpled shirt, fingerless gloves, umbrella held low, unreadable expression, character reference sheet, front view, three-quarter view, side view, back view, same character in every view, identical outfit, full body, plain light background, no text labels","text, letters, words, speech bubble, caption box, watermark, signature, logo, ui elements, extra fingers, extra limbs, fused fingers, deformed hands, bad anatomy, bad proportions, blurry, lowres, jpeg artifacts, character sheet, multiple views, split panel, manga page"
kael_faces,sheet,assets/refs/kael_faces.png,1536,1024,77012233,"Korean webtoon manhwa illustration, clean confident ink line art, soft cel shading over painterly backgrounds, cinematic anamorphic framing, heavy atmosphere, rain and neon, dramatic rim lighting, rich saturated accents on a desaturated base, full colour, highly detailed, single vertical panel composition, 1man, 40s, tall and heavy-shouldered, weathered face, grey stubble, deep vertical scar on the right jaw, dark long coat over a rumpled shirt, fingerless gloves, umbrella held low, unreadable expression, expression sheet, six head-and-shoulders studies of the same face: neutral, wary, angry, sorrowful, small smile, wide-eyed shock, plain light background","text, letters, words, speech bubble, caption box, watermark, signature, logo, ui elements, extra fingers, extra limbs, fused fingers, deformed hands, bad anatomy, bad proportions, blurry, lowres, jpeg artifacts, character sheet, multiple views, split panel, manga page"
sera_sheet,sheet,assets/refs/sera_sheet.png,1024,1536,48151623,"Korean webtoon manhwa illustration, clean confident ink line art, soft cel shading over painterly backgrounds, cinematic anamorphic framing, heavy atmosphere, rain and neon, dramatic rim lighting, rich saturated accents on a desaturated base, full colour, highly detailed, single vertical panel composition, 1girl, 26 years old, sharp narrow dark eyes with amber flecks, black hair in a wet low ponytail, blunt fringe, small pale scar through the left eyebrow, grey technical rain jacket with the collar up, black high-neck top, silver dog-tag necklace, courier satchel strap across the chest, tired expression, character reference sheet, front view, three-quarter view, side view, back view, same character in every view, identical outfit, full body, plain light background, no text labels","text, letters, words, speech bubble, caption box, watermark, signature, logo, ui elements, extra fingers, extra limbs, fused fingers, deformed hands, bad anatomy, bad proportions, blurry, lowres, jpeg artifacts, character sheet, multiple views, split panel, manga page"
sera_faces,sheet,assets/refs/sera_faces.png,1536,1024,48151623,"Korean webtoon manhwa illustration, clean confident ink line art, soft cel shading over painterly backgrounds, cinematic anamorphic framing, heavy atmosphere, rain and neon, dramatic rim lighting, rich saturated accents on a desaturated base, full colour, highly detailed, single vertical panel composition, 1girl, 26 years old, sharp narrow dark eyes with amber flecks, black hair in a wet low ponytail, blunt fringe, small pale scar through the left eyebrow, grey technical rain jacket with the collar up, black high-neck top, silver dog-tag necklace, courier satchel strap across the chest, tired expression, expression sheet, six head-and-shoulders studies of the same face: neutral, wary, angry, sorrowful, small smile, wide-eyed shock, plain light background","text, letters, words, speech bubble, caption box, watermark, signature, logo, ui elements, extra fingers, extra limbs, fused fingers, deformed hands, bad anatomy, bad proportions, blurry, lowres, jpeg artifacts, character sheet, multiple views, split panel, manga page"
cover,cover,assets/refs/cover_ep001.png,1080,1350,90210,"Korean webtoon manhwa illustration, clean confident ink line art, soft cel shading over painterly backgrounds, cinematic anamorphic framing, heavy atmosphere, rain and neon, dramatic rim lighting, rich saturated accents on a desaturated base, full colour, highly detailed, single vertical panel composition, key visual cover art, 1girl, 26 years old, sharp narrow dark eyes with amber flecks, black hair in a wet low ponytail, blunt fringe, small pale scar through the left eyebrow, grey technical rain jacket with the collar up, black high-neck top, silver dog-tag necklace, courier satchel strap across the chest, tired expression, dramatic composition, space at the top for the title, cinematic, high detail","text, letters, words, speech bubble, caption box, watermark, signature, logo, ui elements, extra fingers, extra limbs, fused fingers, deformed hands, bad anatomy, bad proportions, blurry, lowres, jpeg artifacts, character sheet, multiple views, split panel, manga page"
p001,panel,art/ep001/p001.png,1408,832,2702964563,"Korean webtoon manhwa illustration, clean confident ink line art, soft cel shading over painterly backgrounds, cinematic anamorphic framing, heavy atmosphere, rain and neon, dramatic rim lighting, rich saturated accents on a desaturated base, full colour, highly detailed, single vertical panel composition, extreme wide establishing shot, environment dominant, tiny human figure for scale, deep depth of field, Rain-drowned megacity at night, stacked towers receding into fog, a single courier's umbrella light far below, neon signage bleeding into wet asphalt., cold ambient light, high contrast, ominous calm, leave clean negative space in the top center area for a speech bubble","text, letters, words, speech bubble, caption box, watermark, signature, logo, ui elements, extra fingers, extra limbs, fused fingers, deformed hands, bad anatomy, bad proportions, blurry, lowres, jpeg artifacts, character sheet, multiple views, split panel, manga page"
p002,panel,art/ep001/p002.png,1408,768,3036522709,"seravane, Korean webtoon manhwa illustration, clean confident ink line art, soft cel shading over painterly backgrounds, cinematic anamorphic framing, heavy atmosphere, rain and neon, dramatic rim lighting, rich saturated accents on a desaturated base, full colour, highly detailed, single vertical panel composition, 1girl, 26 years old, sharp narrow dark eyes with amber flecks, black hair in a wet low ponytail, blunt fringe, small pale scar through the left eyebrow, grey technical rain jacket with the collar up, black high-neck top, silver dog-tag necklace, courier satchel strap across the chest, tired expression, wide shot, full body, subject placed on the right third, environment visible, Sera walks the flooded arcade alone, ponytail soaked, jacket collar up, satchel held tight., neutral soft light, readable, low drama, leave clean negative space in the top left area for a speech bubble, <lora:sera_v1:0.85>","text, letters, words, speech bubble, caption box, watermark, signature, logo, ui elements, extra fingers, extra limbs, fused fingers, deformed hands, bad anatomy, bad proportions, blurry, lowres, jpeg artifacts, character sheet, multiple views, split panel, manga page"
p003,panel,art/ep001/p003.png,1536,704,776593440,"seravane, Korean webtoon manhwa illustration, clean confident ink line art, soft cel shading over painterly backgrounds, cinematic anamorphic framing, heavy atmosphere, rain and neon, dramatic rim lighting, rich saturated accents on a desaturated base, full colour, highly detailed, single vertical panel composition, 1girl, 26 years old, sharp narrow dark eyes with amber flecks, black hair in a wet low ponytail, blunt fringe, small pale scar through the left eyebrow, grey technical rain jacket with the collar up, black high-neck top, silver dog-tag necklace, courier satchel strap across the chest, tired expression, close-up of the face and shoulders, eyes in focus, background softly blurred, Close-up on Sera's eyes reflecting a red neon sign, rain on her lashes., neutral soft light, readable, low drama, leave clean negative space in the top left area for a speech bubble, <lora:sera_v1:0.85>","text, letters, words, speech bubble, caption box, watermark, signature, logo, ui elements, extra fingers, extra limbs, fused fingers, deformed hands, bad anatomy, bad proportions, blurry, lowres, jpeg artifacts, character sheet, multiple views, split panel, manga page"
p004,panel,art/ep001/p004.png,1408,768,2862804908,"seravane, Korean webtoon manhwa illustration, clean confident ink line art, soft cel shading over painterly backgrounds, cinematic anamorphic framing, heavy atmosphere, rain and neon, dramatic rim lighting, rich saturated accents on a desaturated base, full colour, highly detailed, single vertical panel composition, 1girl, 26 years old, sharp narrow dark eyes with amber flecks, black hair in a wet low ponytail, blunt fringe, small pale scar through the left eyebrow, grey technical rain jacket with the collar up, black high-neck top, silver dog-tag necklace, courier satchel strap across the chest, tired expression, 1man, 40s, tall and heavy-shouldered, weathered face, grey stubble, deep vertical scar on the right jaw, dark long coat over a rumpled shirt, fingerless gloves, umbrella held low, unreadable expression, over-the-shoulder shot, foreground shoulder blurred, listener's face in focus, Over Sera's shoulder: a tall man under a low umbrella holds out a cracked data shard., light shifts warmer, something is off-centre, leave clean negative space in the top right area for a speech bubble, <lora:sera_v1:0.85>","text, letters, words, speech bubble, caption box, watermark, signature, logo, ui elements, extra fingers, extra limbs, fused fingers, deformed hands, bad anatomy, bad proportions, blurry, lowres, jpeg artifacts, character sheet, multiple views, split panel, manga page"
p005,panel,art/ep001/p005.png,1536,640,474516098,"seravane, Korean webtoon manhwa illustration, clean confident ink line art, soft cel shading over painterly backgrounds, cinematic anamorphic framing, heavy atmosphere, rain and neon, dramatic rim lighting, rich saturated accents on a desaturated base, full colour, highly detailed, single vertical panel composition, 1girl, 26 years old, sharp narrow dark eyes with amber flecks, black hair in a wet low ponytail, blunt fringe, small pale scar through the left eyebrow, grey technical rain jacket with the collar up, black high-neck top, silver dog-tag necklace, courier satchel strap across the chest, tired expression, detail insert shot of a prop, held in hand, tight framing, Insert: the shard in her open palm, faint teal light pulsing inside the crack., light shifts warmer, something is off-centre, leave clean negative space in the bottom left area for a speech bubble, <lora:sera_v1:0.85>","text, letters, words, speech bubble, caption box, watermark, signature, logo, ui elements, extra fingers, extra limbs, fused fingers, deformed hands, bad anatomy, bad proportions, blurry, lowres, jpeg artifacts, character sheet, multiple views, split panel, manga page"
p006,panel,art/ep001/p006.png,1344,832,3128302760,"Korean webtoon manhwa illustration, clean confident ink line art, soft cel shading over painterly backgrounds, cinematic anamorphic framing, heavy atmosphere, rain and neon, dramatic rim lighting, rich saturated accents on a desaturated base, full colour, highly detailed, single vertical panel composition, empty environment shot, no characters, mood and atmosphere only, Her rented room: rain crawling down a tall window, one chair, one lamp, the city bokeh beyond., low contrast, dim, quiet","text, letters, words, speech bubble, caption box, watermark, signature, logo, ui elements, extra fingers, extra limbs, fused fingers, deformed hands, bad anatomy, bad proportions, blurry, lowres, jpeg artifacts, character sheet, multiple views, split panel, manga page"
p007,panel,art/ep001/p007.png,1472,768,156164424,"seravane, Korean webtoon manhwa illustration, clean confident ink line art, soft cel shading over painterly backgrounds, cinematic anamorphic framing, heavy atmosphere, rain and neon, dramatic rim lighting, rich saturated accents on a desaturated base, full colour, highly detailed, single vertical panel composition, 1girl, 26 years old, sharp narrow dark eyes with amber flecks, black hair in a wet low ponytail, blunt fringe, small pale scar through the left eyebrow, grey technical rain jacket with the collar up, black high-neck top, silver dog-tag necklace, courier satchel strap across the chest, tired expression, medium shot, waist up, subject centred, shallow depth of field, Sera seated at the table, the shard projected as a flickering figure collapsing in an alley., gradually brighter, tightening, leave clean negative space in the top center area for a speech bubble, <lora:sera_v1:0.85>","text, letters, words, speech bubble, caption box, watermark, signature, logo, ui elements, extra fingers, extra limbs, fused fingers, deformed hands, bad anatomy, bad proportions, blurry, lowres, jpeg artifacts, character sheet, multiple views, split panel, manga page"
p008,panel,art/ep001/p008.png,1408,768,1687393715,"seravane, Korean webtoon manhwa illustration, clean confident ink line art, soft cel shading over painterly backgrounds, cinematic anamorphic framing, heavy atmosphere, rain and neon, dramatic rim lighting, rich saturated accents on a desaturated base, full colour, highly detailed, single vertical panel composition, 1girl, 26 years old, sharp narrow dark eyes with amber flecks, black hair in a wet low ponytail, blunt fringe, small pale scar through the left eyebrow, grey technical rain jacket with the collar up, black high-neck top, silver dog-tag necklace, courier satchel strap across the chest, tired expression, extreme close-up, eyes only, macro detail, iris reflection visible, Extreme close-up of Sera's eyes going wide, teal projection light across her face., strong rim light, deep shadows, colour accent on the subject, leave clean negative space in the top left area for a speech bubble, <lora:sera_v1:0.85>","text, letters, words, speech bubble, caption box, watermark, signature, logo, ui elements, extra fingers, extra limbs, fused fingers, deformed hands, bad anatomy, bad proportions, blurry, lowres, jpeg artifacts, character sheet, multiple views, split panel, manga page"
p009,panel,art/ep001/p009.png,1408,768,484500703,"seravane, Korean webtoon manhwa illustration, clean confident ink line art, soft cel shading over painterly backgrounds, cinematic anamorphic framing, heavy atmosphere, rain and neon, dramatic rim lighting, rich saturated accents on a desaturated base, full colour, highly detailed, single vertical panel composition, 1girl, 26 years old, sharp narrow dark eyes with amber flecks, black hair in a wet low ponytail, blunt fringe, small pale scar through the left eyebrow, grey technical rain jacket with the collar up, black high-neck top, silver dog-tag necklace, courier satchel strap across the chest, tired expression, 1man, 40s, tall and heavy-shouldered, weathered face, grey stubble, deep vertical scar on the right jaw, dark long coat over a rumpled shirt, fingerless gloves, umbrella held low, unreadable expression, medium shot from a low angle looking up, subject looming, dramatic perspective, Low angle: Sera turns in her chair. A silhouette fills the open doorway behind her, umbrella dripping on the floorboards., colour temperature break, sudden red or cyan cast, leave clean negative space in the top center area for a speech bubble, <lora:sera_v1:0.85>","text, letters, words, speech bubble, caption box, watermark, signature, logo, ui elements, extra fingers, extra limbs, fused fingers, deformed hands, bad anatomy, bad proportions, blurry, lowres, jpeg artifacts, character sheet, multiple views, split panel, manga page"
p010,panel,art/ep001/p010.png,1280,896,2569941080,"seravane, Korean webtoon manhwa illustration, clean confident ink line art, soft cel shading over painterly backgrounds, cinematic anamorphic framing, heavy atmosphere, rain and neon, dramatic rim lighting, rich saturated accents on a desaturated base, full colour, highly detailed, single vertical panel composition, 1girl, 26 years old, sharp narrow dark eyes with amber flecks, black hair in a wet low ponytail, blunt fringe, small pale scar through the left eyebrow, grey technical rain jacket with the collar up, black high-neck top, silver dog-tag necklace, courier satchel strap across the chest, tired expression, wide shot, full body, subject placed on the right third, environment visible, The window bursts inward, glass and rain suspended, Sera thrown back, the whole neon city staring through the hole., hard backlight, silhouette edge, unanswered, leave clean negative space in the top left area for a speech bubble, <lora:sera_v1:0.85>","text, letters, words, speech bubble, caption box, watermark, signature, logo, ui elements, extra fingers, extra limbs, fused fingers, deformed hands, bad anatomy, bad proportions, blurry, lowres, jpeg artifacts, character sheet, multiple views, split panel, manga page"
